文章标题,作者,时间,阅读量,评论,喜欢,赞赏数,文章地址
为什么我可以靠阅读挣钱，你不行,彭小六,2017-04-28T21:01:24+08:00,24336,200,1219,22,http://www.jianshu.com/p/7130bf397f03
我也是第一次当 女朋友,不凡大叔,2017-04-23T21:06:14+08:00,70207,743,934,2,http://www.jianshu.com/p/4abe4e35212b
30个孤独的夜晚，我为你准备了30段独白和30张照片,有备而来的路人甲,2017-04-27T09:15:08+08:00,17592,158,917,7,http://www.jianshu.com/p/1a6aa5d15875
生而为穷人，我很抱歉！,衷曲无闻_,2017-04-27T11:04:45+08:00,11293,331,652,39,http://www.jianshu.com/p/82cd1d8db046
《人民的名义》：寒门再难出贵子,墨客书院,2017-04-24T14:25:43+08:00,14938,167,569,9,http://www.jianshu.com/p/a2fa4c3ef846
拿了一年的1.5K，可我没打算辞职,可可为,2017-04-25T23:52:53+08:00,11676,602,214,8,http://www.jianshu.com/p/f1e13e635211
30岁，我辞职做了一名自由职业者,铃铛子,2017-05-02T10:40:46+08:00,12409,236,504,4,http://www.jianshu.com/p/efd42a78cd70
珍爱生命，远离朋友圈的学习粉,撒哈拉异乡人,2017-04-29T15:40:22+08:00,12235,179,548,7,http://www.jianshu.com/p/dd39a54270c4
一个人旅行走遍全国32个省是什么样的体验（附一个人旅行攻略）,潘帕斯雄鹰,2017-04-25T16:10:48+08:00,7710,139,456,3,http://www.jianshu.com/p/7fdc1049463a
你好，西安,妄劫歌,2017-04-25T19:34:58+08:00,6561,178,367,3,http://www.jianshu.com/p/04f4eaec38de
如果一个人旅行，你将会遇到什么？,闾子茵,2017-04-29T17:52:56+08:00,4740,262,282,2,http://www.jianshu.com/p/3c74b24fae80
大学两年读了200多本书，向你推荐这7本,瓯南,2016-05-19T23:03:25+08:00,206104,1539,16750,49,http://www.jianshu.com/p/493f5f4cf1af
那些年网易云里戳心窝热评,北辰以北_,2017-04-09T16:53:23+08:00,25162,232,2481,1,http://www.jianshu.com/p/abdd3f0b1f70
我喜欢你，认真且怂，从一而终,阿念姑娘,2017-04-24T21:36:38+08:00,9020,298,286,5,http://www.jianshu.com/p/287043a2ab87
如何在三个月内健康自然地变美？,二十初仲夏的树,2017-01-14T16:23:40+08:00,118446,1002,10097,18,http://www.jianshu.com/p/07c2ce672485
迷茫怎么办？自我增值好时机啊！,柯临,2017-04-25T17:45:52+08:00,5169,75,423,4,http://www.jianshu.com/p/d5eac71a9e1a
写一篇读书感悟，送你一本书，这次我们准备了200本书,小荐荐,2017-05-01T01:08:31+08:00,11267,108,278,3,http://www.jianshu.com/p/c4aa434655e9
面对儿童性侵，去他妈的冷静！,小笼包马迷,2017-04-28T12:41:06+08:00,6163,103,270,6,http://www.jianshu.com/p/144b838b9f03
我生活中的50个小习惯,系穆杪,2017-04-05T14:19:33+08:00,34080,197,3253,11,http://www.jianshu.com/p/fe08b8bd97ab
实例证明如何用手机拍出单反效果照片（不只有干货）,素怀,2017-04-30T07:06:45+08:00,4699,66,345,6,http://www.jianshu.com/p/090b666ca37c
从零基础如何自学 UI 设计？,马力_可能性与大设计,2017-04-30T13:53:44+08:00,5307,20,380,4,http://www.jianshu.com/p/56b00ea04bfa
刘涛：喜欢你，让我想要成为更好的自己,晴雯tamia,2017-04-27T20:00:23+08:00,7789,131,267,0,http://www.jianshu.com/p/d6097dddf585
你的消费欲望正在拖垮你,菜花小姐姐,2017-04-30T20:00:38+08:00,6314,60,349,7,http://www.jianshu.com/p/0bfc5c72b7e0
到底经历了什么，才有现在的江疏影？,南有南风,2017-04-26T15:24:21+08:00,10677,85,296,2,http://www.jianshu.com/p/70b597f379ef
关于韩大爷写作课的最新通知,韩大爷的杂货铺,2017-04-26T12:27:20+08:00,7201,183,124,19,http://www.jianshu.com/p/199b78dd45fa
练习英语口语，去哪儿找语伴,大肚子猫,2017-04-27T03:15:28+08:00,4217,18,364,0,http://www.jianshu.com/p/0530fcc3c81b
从现在起，培养五个获益终生的思维习惯。,韩大爷的杂货铺,2016-05-12T19:47:24+08:00,188847,1631,13697,40,http://www.jianshu.com/p/bf965da0082c
《人民的名义》无形间竟揭示了这样一个道理：龙生龙，凤生凤，老鼠的儿子会打洞,会啊哦的跳跳虫,2017-04-28T20:08:21+08:00,7313,91,205,3,http://www.jianshu.com/p/738529f26281
人物专题征文公告|写出你心中最爱的那个作家,乔克儿,2017-04-21T19:51:09+08:00,9744,187,365,1,http://www.jianshu.com/p/8014ec290edd
60 余家免费正版图片网站，应该是目前最全的的集合了,马力_可能性与大设计,2017-04-12T16:38:43+08:00,15889,61,2511,3,http://www.jianshu.com/p/7339031f2257
二十岁的夏天怎么穿？| 色彩致胜高效解决出门装！,仙人掌小喵,2017-04-24T22:11:08+08:00,6682,97,279,3,http://www.jianshu.com/p/31a300869f50
我拼命努力工作，只为母亲能有尊严的活着，哪怕得了癌症！,张箬涵,2017-04-26T11:21:04+08:00,6517,110,159,6,http://www.jianshu.com/p/ea2ccd9e8dc3
渣男也曾是你的盖世英雄,西舟vv,2017-04-26T12:42:18+08:00,3921,156,177,3,http://www.jianshu.com/p/a8428006b586
真格基金 ・ 王强：人生最大的捷径就是阅读一流的书,投资人日知录,2017-04-28T20:44:58+08:00,4081,35,278,2,http://www.jianshu.com/p/4b5159e3c7c5
我如何在淘宝上买到一件适合自己的衣服,Aicuuu,2017-04-29T17:51:08+08:00,5536,49,275,0,http://www.jianshu.com/p/7d05241160bd
我们这算不算一场恋爱？,张拉灯,2017-04-26T17:39:35+08:00,4245,179,127,0,http://www.jianshu.com/p/c5888093a943
希望你那么忙，做的都是自己热爱的事,有备而来的路人甲,2017-04-25T10:13:08+08:00,12141,186,543,8,http://www.jianshu.com/p/bfac83609955
阅读，改变人生最廉价的手段,安梳颜,2017-04-29T21:35:07+08:00,6261,61,199,1,http://www.jianshu.com/p/a1758fa92f45
用力爱过的人不该计较,凉子菇娘,2017-04-27T15:36:00+08:00,4778,132,137,2,http://www.jianshu.com/p/399ca32beb22
我在三线城市奋斗了10年后，去了深圳炸油条,彭小六,2017-05-01T21:03:47+08:00,9346,56,220,5,http://www.jianshu.com/p/f01272008921
坚持写手帐135天，生活发生了哪些改变？,萌薇,2017-04-14T21:45:44+08:00,23496,408,1716,5,http://www.jianshu.com/p/a984effa2eb7
对待钱最正确的姿势，是花掉然后赚到更多,弗兰克,2017-04-28T11:43:53+08:00,5348,41,237,8,http://www.jianshu.com/p/a71c4a3b6eeb
什么才是衡量一个人读书多少的标准？,乔克儿,2017-04-24T08:57:59+08:00,3732,70,194,6,http://www.jianshu.com/p/cdc66bd15da7
换一个枕边人，真的能换一种人生吗,文艺女青年专治各种不服,2017-04-30T10:01:52+08:00,6710,46,190,3,http://www.jianshu.com/p/4d178f07a4ce
真正把我带入产品之门的9本书,LinkLin,2017-05-01T10:28:46+08:00,4073,8,277,0,http://www.jianshu.com/p/605f6c33e5c3
为你写一个故事|乡村里的人民教师,虬田,2017-04-28T22:11:46+08:00,1446,152,112,26,http://www.jianshu.com/p/db74993ec0e2
拉开你和别人差距的，是每天的这2小时,遇见小娜,2017-04-25T17:03:10+08:00,8664,49,237,4,http://www.jianshu.com/p/38acb8535a3e
周冬雨、奶茶妹妹和我：你想要什么样的二十五岁,菜梗不吃小姐,2017-04-28T17:29:11+08:00,4730,135,120,1,http://www.jianshu.com/p/d941d81b4107
出家,无戒,2017-04-28T10:42:50+08:00,2868,112,109,3,http://www.jianshu.com/p/7c5e3ab1b9a5
iOS页面动态化，怎么样用JSON数据的原生页面摆脱低效的H5页面，来动态更新app页面样式,Kobe_Dai,2017-04-27T23:32:53+08:00,2710,89,139,0,http://www.jianshu.com/p/9e22a732c9c8
相距2000多公里，我们还是走到了一起,关子羽,2017-04-27T15:53:30+08:00,3602,104,142,2,http://www.jianshu.com/p/203682faf85d
如何成为一个很厉害的人,安梳颜,2017-04-21T19:58:06+08:00,21615,133,864,6,http://www.jianshu.com/p/a087d336b955
#青春不一YOUNG# 青春映象节参赛规则,我是简小妹,2017-04-10T11:56:58+08:00,11535,115,343,1,http://www.jianshu.com/p/8b6de380bb94
遭人嫌弃的大石块竟能变成如此漂亮的海景，你一定惊呆了,小崔喵喵哒,2017-04-29T06:59:59+08:00,1667,146,109,2,http://www.jianshu.com/p/618df7643217
这五位世界级的心理学家兼哲人是如何看待人生的？,超瑞组合,2017-04-30T13:34:48+08:00,2442,24,243,3,http://www.jianshu.com/p/1aa00f2bc729
“花与母亲”主题征文评选结果公告,驿路奇奇,2017-04-26T16:52:39+08:00,1685,156,66,3,http://www.jianshu.com/p/7382173234d0
网易云音乐的那些评论，又一次让你怀念青春了吗？,你好吗pp再见,2017-04-29T21:37:41+08:00,3321,59,203,0,http://www.jianshu.com/p/c6dd5a4caef7
拜托！这个时代哪有什么阶层固化,南下的夏天,2017-05-02T10:46:33+08:00,2724,133,108,10,http://www.jianshu.com/p/fd48a152a99d
因为并不聪明，所以努力把这些习惯坚持了7年,空白中的独舞,2016-03-02T15:52:47+08:00,173302,2814,13692,229,http://www.jianshu.com/p/0126131adfe7
走出舒适圈：从早睡早起开始,文案大叔,2017-04-27T15:49:48+08:00,4789,28,207,0,http://www.jianshu.com/p/9f7ac8136235
东成西九||为什么你总是学习，却依然没有成长,东成西九,2017-04-27T23:32:19+08:00,3840,22,199,2,http://www.jianshu.com/p/5a4f4422901c
在35岁来临之前，你应该完成这几件人生大事！,那些年我们的努力,2017-04-25T13:22:04+08:00,5073,64,175,0,http://www.jianshu.com/p/74ba5c19420d
每一张照片都是一个故事(陆),笙和箫,2017-04-28T18:16:55+08:00,2558,97,138,1,http://www.jianshu.com/p/c164439b8bdd
跋涉两千公里，只为放下执念。(行记),猫无执,2017-04-24T00:20:14+08:00,2767,95,154,6,http://www.jianshu.com/p/9c1631f0575e
真正把我带入理财之门的书,陈姿依,2017-03-09T21:18:07+08:00,34933,4372,2325,43,http://www.jianshu.com/p/697fd566351d
你的名字，一叶一花的姓氏,2020号,2017-04-29T11:46:35+08:00,1646,155,71,3,http://www.jianshu.com/p/d33546c60094
5分钟看懂五线谱上音符高低（附亲笔手绘图）,曼曼的钢琴城堡,2017-04-24T17:41:20+08:00,2374,43,220,1,http://www.jianshu.com/p/05d7817a58b6
不错，我就是那个一直单身24年的女同学,时青言,2017-02-27T23:17:30+08:00,14171,1436,664,5,http://www.jianshu.com/p/d1c494e53b01
如何快速学会深度阅读？,在下行之,2017-04-28T14:18:32+08:00,3520,28,176,1,http://www.jianshu.com/p/f06eb04ce120
这一生，你想要成为什么样的人？,衷曲无闻_,2017-04-27T22:25:12+08:00,3790,53,158,1,http://www.jianshu.com/p/c8971196e644
不要总是把“我很穷”挂在嘴边,孔念,2017-04-27T23:35:51+08:00,4276,49,159,0,http://www.jianshu.com/p/e28a53e5a5f9
读书不必追求数量，会选好书就行,乐之读,2017-04-28T21:56:05+08:00,2628,49,162,5,http://www.jianshu.com/p/cf8c6d6cc5a3
从育儿嫂范雨素也能自学成作家，看如今搞“写作群”的那些人到底是不是骗子？,罗衣一时聚散,2017-04-27T11:24:37+08:00,1607,127,93,3,http://www.jianshu.com/p/ca70ceae5248
书中自有塑造灵魂的力量，这份书单送给你,用时间酿酒,2017-04-26T08:28:43+08:00,3415,24,194,0,http://www.jianshu.com/p/37ce1190c2bd
《人民的名义》之祁同伟：平民孩子想登天，一靠不服二靠干！,妖明岳,2017-04-23T09:00:49+08:00,25339,164,366,0,http://www.jianshu.com/p/24d710bad4c9
“因为抑郁症， 我不止一次想过自杀” ,成长中的王小青,2017-04-29T12:53:59+08:00,2284,94,112,2,http://www.jianshu.com/p/483abe2c8fc7
林夕│一个信佛的温柔填词人。,|卿,2017-04-30T03:49:43+08:00,2826,91,142,5,http://www.jianshu.com/p/5d6fbfd6e8dc
与简书文友的一场约会,无戒,2017-04-25T21:39:03+08:00,5655,125,153,2,http://www.jianshu.com/p/41871fc857f0
面对海量图书，如何做到深度阅读,怀左同学,2017-04-27T15:02:57+08:00,3923,39,154,0,http://www.jianshu.com/p/2fe3c51f2c1a
各类英语考试究竟用什么书？去书店逛逛的话都能找到（附书单）,丧心病狂的小坚果儿,2017-04-28T09:20:58+08:00,2528,22,182,0,http://www.jianshu.com/p/84be0d5cb679
喜欢你，就像一次河豚中毒,衷曲无闻_,2017-04-30T22:59:51+08:00,2998,44,152,2,http://www.jianshu.com/p/5cb77aefe44d
如果没有滴滴，中国的离婚率说不定还要再高好几倍,罗衣一时聚散,2017-04-25T18:46:32+08:00,3789,142,85,3,http://www.jianshu.com/p/b2f0d79c3dfd
观花手记｜水彩教程 送你一根小黄瓜,V安大大,2017-04-30T22:20:31+08:00,465,10,219,2,http://www.jianshu.com/p/4e4954462ada
《变形计》：请放过中国孩子,小小小小的鱼,2017-04-27T09:33:53+08:00,3153,37,134,0,http://www.jianshu.com/p/57ec976c94e0
《二十岁的年纪，做八十岁想起来都会嘴角上扬的事》,有备而来的路人甲,2017-03-10T08:11:50+08:00,58668,1703,4203,52,http://www.jianshu.com/p/675bf3a17d54
没遇见喜欢的人，就先去遇见喜欢的事情吧,影子影,2017-04-24T13:00:07+08:00,2931,53,193,1,http://www.jianshu.com/p/b0de3f8e6020
《人民的名义》暴露的职场潜规则，比剧情好看10000倍 ,标标634,2017-04-27T10:46:18+08:00,4872,13,176,0,http://www.jianshu.com/p/b4060846c8c7
没有那个笔记本我会死,专三千,2017-04-26T17:58:13+08:00,1555,86,103,2,http://www.jianshu.com/p/9f1bdc4fcec9
家是最好的美颜塑身场所，美颜塑身DIY看这一篇就够了,fly九小仙儿,2017-04-22T08:46:48+08:00,6056,111,585,1,http://www.jianshu.com/p/5a1b922f38d1
人潮拥挤，而我刚好遇见你,朝歌晚丽,2017-04-23T22:00:02+08:00,10888,327,419,1,http://www.jianshu.com/p/eda22399d08c
没来由的心烦意乱，怎么办,韩大爷的杂货铺,2017-04-25T12:37:02+08:00,8903,78,299,4,http://www.jianshu.com/p/66164e002687
碎片化自我提升：为大学生推荐的优质APP,Elinaliu,2015-02-05T23:43:14+08:00,139973,728,10394,7,http://www.jianshu.com/p/6e69ac6959d8
《人民的名义》：我为什么不敢考公务员,山大王的能量屋,2017-04-24T16:08:18+08:00,3181,133,80,2,http://www.jianshu.com/p/063cbe2e62ca
干货│为什么你的面试总失败？,张奶油,2017-04-26T01:31:03+08:00,2671,15,168,0,http://www.jianshu.com/p/7396ddf5cb47
《花儿与少年》3中真正的高情商不是江疏影，而是陈柏霖,梦旅人rose,2017-04-29T16:45:22+08:00,5032,50,142,0,http://www.jianshu.com/p/64857c2a3357
这辈子，我连你的手都没牵过,王小粒丫,2017-04-25T22:47:38+08:00,2789,91,116,0,http://www.jianshu.com/p/967af97daad8
懒人哲学：请放弃那些“勤奋表演”,伏枥老马,2017-04-27T14:45:09+08:00,2917,37,144,1,http://www.jianshu.com/p/89f6b23b116b
火车上的故事和小东江的风景,布莱恩说,2017-04-26T22:36:03+08:00,1761,93,84,2,http://www.jianshu.com/p/aed875243d52
名校白富美,另维_,2017-05-02T15:40:19+08:00,3498,39,129,2,http://www.jianshu.com/p/53dcf88ceedc
我亲爱的陆先生,狐狸九,2017-04-28T11:54:12+08:00,2642,70,112,0,http://www.jianshu.com/p/dc357704d246
从赚1块钱打赏开始，一年时间让年收入翻20倍，我靠的是这7句话,彭小六,2017-03-30T23:52:01+08:00,58284,346,2616,53,http://www.jianshu.com/p/4d4b688ae010
教你用这几款修图工具轻松做出高逼格照片,无声的和谐,2017-01-09T21:25:57+08:00,62442,305,4834,12,http://www.jianshu.com/p/ef85b9d19db4
《握紧我的世界》这个作品特别适合小白临摹,爱蜜部落,2017-04-29T16:45:52+08:00,1067,36,144,1,http://www.jianshu.com/p/8c3e64f234e4
旅途别忘了带上有趣的灵魂,白二二,2017-04-26T19:42:44+08:00,2353,78,92,5,http://www.jianshu.com/p/2e42cfed2d3b
刘老湿谈读书：个人拥有上千本藏书是怎样一种体验？,丧心病狂刘老湿,2017-04-27T17:09:52+08:00,4312,51,99,1,http://www.jianshu.com/p/c17c6c2f47d5
我不相信我得了抑郁症，直到某天我想到了死去,泥偶不低头,2017-04-27T15:07:45+08:00,1063,115,44,0,http://www.jianshu.com/p/6ea6a93655f0
如何点牛排，才能显得自己是位行家？,食而不惑,2017-04-26T13:41:45+08:00,2429,32,146,1,http://www.jianshu.com/p/401a3e457813
中国最美现代诗，你知道这十首就够了,叶初夏,2016-08-04T13:57:29+08:00,69661,917,5277,6,http://www.jianshu.com/p/ed69398a1af3
才二十几岁，没必要对生活失去热情,有备而来的路人甲,2017-04-10T09:32:52+08:00,36044,557,1894,14,http://www.jianshu.com/p/1488fda312ca
我要是你，就先拼命写一年再去想别的,沐丞,2017-05-02T13:36:34+08:00,3407,32,146,3,http://www.jianshu.com/p/b77e79fdd44a
学习写作需要用到的四种思维模式,弗兰克,2017-04-26T09:16:57+08:00,2249,20,145,6,http://www.jianshu.com/p/a5d8cee75e86
一只异兽的使命（奇思妙想-荒冢之役）,焱公子,2017-04-26T17:06:08+08:00,726,62,98,12,http://www.jianshu.com/p/59a8293f681b
牡丹花下死，做鬼也风流,凉子菇娘,2017-04-26T20:20:05+08:00,3453,85,81,1,http://www.jianshu.com/p/c3c94102ea0e
我有过一个1米83的男朋友,何合安,2017-04-27T13:31:49+08:00,3473,65,60,0,http://www.jianshu.com/p/12c5502bc01b
薛定谔的猫,罗素的茶壶,2017-04-25T00:32:08+08:00,2921,33,154,6,http://www.jianshu.com/p/f7c8282f87ea
记一次旅行:越南芽庄,于庭,2017-04-26T14:12:04+08:00,3233,49,116,3,http://www.jianshu.com/p/6f0fdb403e2b
每天打卡是一份甜蜜的负担（石头画打卡第78天）,小崔喵喵哒,2017-04-28T08:22:30+08:00,1263,95,73,1,http://www.jianshu.com/p/f5d5c6714824
人物|张爱玲：金笔凉风一入尘，人间万事成霜云,如巳,2017-04-29T00:30:10+08:00,1567,68,73,5,http://www.jianshu.com/p/98a345989683
