文章标题,分类,作者,文章地址
,,,
[杭州] Fireball Team | 寻找后端开发工程师加入,酷工作,ufo22940268,https://www.v2ex.com/t/357696#reply20
,,,
38ks.com 可以用来做什么？,程序员,doctorlai,https://www.v2ex.com/t/358415#reply5
,,,
2016 款 Mac 问题再+1:不时发出类似于 pop 的异响,MacBook Pro,Lagrange,https://www.v2ex.com/t/358336#reply32
,,,
或者你会有需要： Shadow Defender（中文名：影子卫士）限免了！,分享发现,Jzer0n,https://www.v2ex.com/t/358329#reply15
,,,
程序猿，吃点苹果，对智力好！老家的苹果，如果先给你寄一个尝一下，你会不会认领我老家的果树？,问与答,blook,https://www.v2ex.com/t/358416#reply11
,,,
在大陆地区开一个虚拟货币 ATM 机可行吗?,程序员,2378799,https://www.v2ex.com/t/358382#reply28
,,,
试用期一个礼拜后跳槽，要求公司给工资不？,问与答,esolve,https://www.v2ex.com/t/358419#reply2
,,,
"XShell 替代软件,Finalshell SSH 客户端,一体化服务器管理软件,免费升专业版",分享创造,vs506,https://www.v2ex.com/t/358113#reply637
,,,
京东大家电,问与答,wangxiaoer,https://www.v2ex.com/t/358407#reply13
,,,
一个 ps4，一个台式机，都 HDMI 接到一个显示器上面，怎么可以方便的切换输出？,问与答,DualWield,https://www.v2ex.com/t/358365#reply5
,,,
杭州滨江找个人一起玩,生活,cankoor,https://www.v2ex.com/t/358409#reply20
,,,
佳明 Garmin Forerunner 935 到手啦,健身,crazycen,https://www.v2ex.com/t/358364#reply12
,,,
mini 4 和新 iPad 如何选？ mini 这条产品线还更新吗？,iPad,Patrik,https://www.v2ex.com/t/358356#reply33
,,,
QQ 无故被永久封号何解？（ 17 年 5 月 1 日）,,gcod,https://www.v2ex.com/t/358366#reply16
,,,
.com 米 作站的话，必需要转入到国内？,问与答,Gem,https://www.v2ex.com/t/358397#reply4
,,,
有什么办法给苹果通讯录的手机号加上 86？,iPhone,uuair,https://www.v2ex.com/t/358315#reply15
,,,
比特币国内外价格差这么多，就不怕有人专做倒爷吗？,问与答,tianxiacangshen,https://www.v2ex.com/t/358401#reply17
,,,
各位前端获取前端学习资源的平台都有些什么？具体到什么公众号、博客、微博等等,前端开发,Corbusier,https://www.v2ex.com/t/358408#reply6
,,,
国外有没有一个汽车类的 IMDB 网站？,问与答,ridiculous,https://www.v2ex.com/t/358414#reply1
,,,
请问 windows 10 非高分屏下如何才能改善字体渲染的效果？,问与答,wheeler,https://www.v2ex.com/t/358334#reply13
,,,
百度网盘已经限速到 10KB/s 了吗。。。,分享发现,hst001,https://www.v2ex.com/t/358348#reply37
,,,
现在的 字幕伸手党 有点难以直视啊,分享发现,roottooz,https://www.v2ex.com/t/358347#reply28
,,,
厌倦了银行的 it 氛围，求职杭州后端开发坑,求职,shuizhengqi,https://www.v2ex.com/t/358418#reply0
,,,
v2ex 账号两步认证丢失,Livid,nealwx,https://www.v2ex.com/t/358417#reply0
,,,
有上 T 的数据，请问放哪里安全些？,问与答,cnqncom,https://www.v2ex.com/t/358333#reply53
,,,
北上深杭， Javascript 栈，求收留,程序员,surmon,https://www.v2ex.com/t/358350#reply28
,,,
艹， ArchLinux 又蹦了，求推荐其他 Linux 发行版本,程序员,ansheng,https://www.v2ex.com/t/358341#reply88
,,,
数据库放在国外，网站在国内，对于网速方面，有啥好运营商选择呢,云计算,colordog,https://www.v2ex.com/t/358314#reply60
,,,
求问：科技园附近理发店,深圳,rockss,https://www.v2ex.com/t/358338#reply9
,,,
求推荐一下，你目前服务器用的图片压缩软件是什么？,程序员,Reign,https://www.v2ex.com/t/358398#reply4
,,,
求推荐大桌子,程序员,ywgx,https://www.v2ex.com/t/358410#reply5
,,,
为什么 ContentResolver 调用 bulkInsert 批量插入数据失败,Android,Dclock,https://www.v2ex.com/t/358413#reply0
,,,
有人懂 sentry 的吗，那个错误日志聚合的,Python,chenqh,https://www.v2ex.com/t/358387#reply6
,,,
请问你们 gandi.net 的账号使用的是真实姓名吗？,问与答,LuoLuoKaka,https://www.v2ex.com/t/358349#reply24
,,,
Type C 显示器转有线网络,问与答,wudaown,https://www.v2ex.com/t/358406#reply10
,,,
小米 6 亮黑 64GB 带意外险 现货,问与答,yx1989,https://www.v2ex.com/t/358380#reply5
,,,
google 镜像流量异常,问与答,uuhp2009,https://www.v2ex.com/t/358352#reply5
,,,
"做 Java web 的, 怎么深入学习, 提高呢",程序员,ooToo,https://www.v2ex.com/t/358319#reply10
,,,
一个有趣的问题，多个虚拟机如何同时显示？,编程,xiyangyang,https://www.v2ex.com/t/358340#reply12
,,,
现在国外托管.com 域名的服务商，哪家比较实惠？,DNS,mxi1,https://www.v2ex.com/t/358209#reply52
,,,
"xcode 模拟器可以打开,真机没法测试",Xcode,kelvinli,https://www.v2ex.com/t/358394#reply2
,,,
使用 vagrant 安装了一个 centos7.2 的 box，但是放在该虚拟机上的网站运行特慢...,问与答,s609926202,https://www.v2ex.com/t/358363#reply3
,,,
想问下大家的公司里都是用什么软件工具做文件管理和知识库的？,问与答,coffeecos,https://www.v2ex.com/t/358393#reply7
,,,
求个适合打字的键盘安利吃吃,机械键盘,yukimio,https://www.v2ex.com/t/358383#reply15
,,,
某个网站突然占用非常高的 cpu（阿里云 ECS windows 2008 IIS）,PHP,tianxiacangshen,https://www.v2ex.com/t/358320#reply8
,,,
[大连] 招聘 PHP 程序员,酷工作,beker,https://www.v2ex.com/t/358384#reply4
,,,
ubuntu gnome 安装 vscode 后无法打开,问与答,paledream,https://www.v2ex.com/t/358379#reply3
,,,
求一个： Spark 或 Flow 使用网易邮箱 Yeah/163/126 的方式,程序员,macroideal,https://www.v2ex.com/t/358396#reply5
,,,
"在 hosts 里，添加 DNS.IP 对应 DNS 域名的 AAAA 和 NS 记录.再配合 DNS 互补术,貌似有疗效！",宽带症候群,xiecong520,https://www.v2ex.com/t/358371#reply4
,,,
win10 使用 PuTTy ssh 登录 Raspberry Pi 3 失败， connection refused.,Raspberry Pi,acheapskate,https://www.v2ex.com/t/358362#reply6
,,,
有没有装机大师，能不能配得比这个京东自营更便宜的,问与答,jimmy2010,https://www.v2ex.com/t/358353#reply10
,,,
有些生成的网页违反谷歌站长指南，但是又必须生成怎么办？,Google,tianxiacangshen,https://www.v2ex.com/t/358332#reply5
