文章标题,分类,作者,文章地址
DaoCloud [上海/北京] 招聘季 Ps：道客船长扬帆啦~ 快上船吧！,酷工作,daocloud,https://www.v2ex.com/t/349754#reply27
我这样的想法是不是很危险,程序员,FreshOldMan,https://www.v2ex.com/t/358469#reply34
Intellij 里面 javax 包不能解析的问题,问与答,esolve,https://www.v2ex.com/t/358443#reply7
内网缓存服务器,问与答,zzbxqq,https://www.v2ex.com/t/358488#reply13
[VANILLA] Hide menu bar icons on your Mac,macOS,zhangwb2008,https://www.v2ex.com/t/358492#reply9
github Trending 挂了？,然而并没有,byfar,https://www.v2ex.com/t/358463#reply15
再牛逼的 CA 也要向浏览器低头，到底是谁在主导 SSL 证书行业！,SSL,Rezark,https://www.v2ex.com/t/358505#reply7
PHP html2image 有成熟的解决方案吗？,问与答,lygmqkl,https://www.v2ex.com/t/358510#reply1
京东大家电,问与答,wangxiaoer,https://www.v2ex.com/t/358407#reply47
楼上夜猫子天天晚上弄噪音，搞得没法睡觉，求推荐解决方案,生活,jamfer,https://www.v2ex.com/t/358454#reply73
"XShell 替代软件,Finalshell SSH 客户端,一体化服务器管理软件,免费升专业版",分享创造,vs506,https://www.v2ex.com/t/358113#reply760
AUR 的软件真的那么多吗？,Linux,diveIntoWork,https://www.v2ex.com/t/358467#reply10
你的浏览器还在用 Adobe Flash 么？,程序员,loulijun,https://www.v2ex.com/t/358490#reply17
[上海 爱奇艺] 招聘后端开发工程师 (golang),酷工作,isno,https://www.v2ex.com/t/358509#reply5
24 小时书店,问与答,donglongfei2008,https://www.v2ex.com/t/358503#reply22
抗 DNS 污染 + DNS 加速 + 不丢 CDN， Win 下最好的傻瓜式方案？,DNS,lada04,https://www.v2ex.com/t/358458#reply16
光标和键盘经常突然失灵，需要合上再打开重启，请问是什么情况？,MacBook Pro,cilbup,https://www.v2ex.com/t/358453#reply6
百度网盘已经限速到 10KB/s 了吗。。。,分享发现,hst001,https://www.v2ex.com/t/358348#reply60
怎么就没有不能退款的国际支付方式？,Bitcoin,tianxiacangshen,https://www.v2ex.com/t/358513#reply5
可有哥们 S8 已经到手？,Android,ioriwong,https://www.v2ex.com/t/358489#reply11
有朋友要弄个企业网站，什么方案比较好,问与答,ryanking8215,https://www.v2ex.com/t/358466#reply12
cpu90%，捉急死强迫症患者,问与答,sampeng,https://www.v2ex.com/t/358491#reply11
有没有大神知道这种 dat 文件 C++怎么读取,C/C++/Obj-C,pointer,https://www.v2ex.com/t/358455#reply18
[北京] [20-40k] [6 个月起的年终奖] 趣店集团招聘高级前端工程师,酷工作,wilee,https://www.v2ex.com/t/358512#reply2
Intellij 里 maven projects 中， Dependencies 下出现警告红色波浪线啥意思？,问与答,esolve,https://www.v2ex.com/t/358520#reply0
iPhone 上有没有类似微信内置的那种能录制较低画质视频的应用？,问与答,shanwu,https://www.v2ex.com/t/358518#reply0
大家离职时会告诉公司离职的真实原因么,职场话题,fewin,https://www.v2ex.com/t/358451#reply46
青云会超售吗？,云计算,hippoking,https://www.v2ex.com/t/358452#reply17
200 元左右的键盘求推荐，另外，悦米机械键盘咋样？有没有解毒的,问与答,happyzed,https://www.v2ex.com/t/358471#reply7
麻烦推荐 Mac 和 pc 文件互传工具,macOS,superman,https://www.v2ex.com/t/358504#reply7
微信运动刷步数作弊方法，悦动圈数据提交分析,分享创造,landcbd,https://www.v2ex.com/t/358496#reply4
云服务器上怎么装 Node,Node.js,peneazy,https://www.v2ex.com/t/358501#reply5
Chrome 上无法使用谷歌翻译.cn,问与答,Yooung,https://www.v2ex.com/t/358507#reply4
你们对设计师的看法是怎样的？,问与答,WillfordSimon,https://www.v2ex.com/t/358478#reply6
求助一下 pytho StringIO 跟 ByteIO 干什么的用,问与答,jtsai,https://www.v2ex.com/t/358476#reply4
[实习] [App Annie] 专注移动应用数据分析--招聘 BI 实习生,程序员,appanniebj,https://www.v2ex.com/t/358514#reply0
TextCode 2.5.0 版本发布，分享几个优惠码！,优惠信息,haosxianr,https://www.v2ex.com/t/358493#reply10
分享个免费的 Mac 任务栏隐藏图标应用 Vanilla,分享发现,fyl00,https://www.v2ex.com/t/358511#reply0
[北京]美团点评，正在诚意招聘 全栈工程师/后台工程师（￥ 20K-40K） 优秀的 RD 快看进来~,酷工作,MonkLuf,https://www.v2ex.com/t/358508#reply0
net 打算转 Java ，各位大佬能简要介绍下 Java 现在情况么,程序员,leowuqunqun,https://www.v2ex.com/t/358477#reply14
求 mac os 类似 strokeit 的程序,macOS,hanmeimei,https://www.v2ex.com/t/358226#reply5
求助大拿一些人生规划问题,问与答,jimisun,https://www.v2ex.com/t/358456#reply16
谷歌无果，求教如何立刻刷新 NSTextField。,iDev,henryshen233,https://www.v2ex.com/t/358483#reply11
"分享一下我的博客, 江湖茶馆",Blogger,wudanyang,https://www.v2ex.com/t/358484#reply6
厌倦了银行的 it 氛围，求职杭州后端开发坑,求职,shuizhengqi,https://www.v2ex.com/t/358418#reply15
CloudMonad 更新：新域名+支持淘宝商品按套餐类型价格跟踪,程序员,wuhx,https://www.v2ex.com/t/358450#reply2
[上海张江][轻轻家教]C 轮创业公司诚聘各类技术英才(java， ios， android， H5， php，大数据等）,酷工作,winking,https://www.v2ex.com/t/246079#reply221
Cherry G80-3000 在 macOS 下指示灯不亮？,MacBook,noBuy,https://www.v2ex.com/t/358457#reply7
MAC 下有没有 PowerDesigner 类似的工具,Apple,vomai,https://www.v2ex.com/t/358485#reply1
求杭州产品实习生,酷工作,yaoleifly,https://www.v2ex.com/t/358498#reply1
现在二手的 14-15 款 15 寸 macbook pro 大概多少钱？,问与答,cyberdaemon,https://www.v2ex.com/t/358470#reply3
Reinforcement Learning 的核心基础概念及实现,Python,luffylcc,https://www.v2ex.com/t/358486#reply4
谷歌不爱我！求教 GPUImage 能不能做视频流合流,iOS,youngkeen,https://www.v2ex.com/t/358499#reply0
［北京］无二之旅招 Ruby on Rails 工程师、算法工程师,酷工作,uniqueway,https://www.v2ex.com/t/355400#reply6
帮朋友找，深圳，找 Java 实习生的工作,求职,mx3y,https://www.v2ex.com/t/358497#reply0
