文章标题,作者,评论数,文章地址
看似庸常的Surface Laptop，其实是Windows笔记本的完美形态,PingWest,3评,http://www.yidianzixun.com/article/0GGbONVj
中国移动支付震惊日本网友 为什么美国也落后那么多？,第一财经,942评,http://www.yidianzixun.com/article/0GGuqaQv
华为欲进军自主操作系统 会重蹈阿里YunOS的覆辙吗？,运营商世界网,13评,http://www.yidianzixun.com/article/0GGm0lSP
美团点评广告平台负责人陈烨将离职 张川兼任其职位,凤凰科技,0评,http://www.yidianzixun.com/article/0GGte4kr
俄罗斯宣布封禁中国社交产品微信,凤凰科技,3446评,http://www.yidianzixun.com/article/0GGuJ1MG
爆料：据说，百度外卖将卖身顺丰？,凤凰网,0评,http://www.yidianzixun.com/article/0GGwnVVP
一部手机一场梦：HTC造安卓机的这九年,界面,3评,http://www.yidianzixun.com/article/0GGUFcIk
Lumia是没了，但微软要创造全新“手机”,开物,1评,http://www.yidianzixun.com/article/0GGoCFJ8
A股股权将减半？联通终于开始填坑了？,网优雇佣军,1评,http://www.yidianzixun.com/article/0GGpGAku
花1000万调查取证10万贪腐，马云、刘强东、王健林谁干得出来？,中国企业家杂志,0评,http://www.yidianzixun.com/article/0GGhfXzA
王思聪陈欧因共享充电宝互怼！王校长一怒吃翔？,长江网,29评,http://www.yidianzixun.com/article/0GGuKklN
视频|直击C919落地瞬间：姿态上扬着陆平稳,央视网新闻,414评,http://www.yidianzixun.com/article/V_00sS95k2
“共享XX”，大城市病的解药；以及共享单车的真正风险,虎嗅网,1评,http://www.yidianzixun.com/article/0GGW0cVS
美团腐败案曝光:刷单骗补猖獗 餐饮业务是重灾区,蓝鲸TMT网,9评,http://www.yidianzixun.com/article/0GGU81Pe
微软HoloLens之父：智能手机已死，MR头盔才是未来,36氪,0评,http://www.yidianzixun.com/article/0GGJt4Lo
走出国门 印度首家小米之家要来了,科客,3评,http://www.yidianzixun.com/article/0GGK05em
Square 2017年第一季度总收入4.62亿美元 总支付额达136亿美元,界面,0评,http://www.yidianzixun.com/article/0GGJZPly
Fitbit一季度净利润同比暴跌240%，智能可穿戴市场还没有回暖？,36氪,0评,http://www.yidianzixun.com/article/0GGJZgpR
民生银行高管加盟乐视金融出任总裁 首要目标拿下银行牌照,阿尔法工场,0评,http://www.yidianzixun.com/article/0GGJCxhJ
比金融危机时还惨：预计关店8600家，美国实体零售业有这3大教训,36氪,0评,http://www.yidianzixun.com/article/0GGIvOqg
腾讯向VR扔了个重磅炸弹！靠“杀手锏”游戏跟索尼HTC硬碰硬,36氪,2评,http://www.yidianzixun.com/article/0GGIfAvA
9个月，富士康改造夏普,36氪,71评,http://www.yidianzixun.com/article/0GGBFG4f
苹果的 Siri 音响，可能下月就发布了,好奇心日报,1评,http://www.yidianzixun.com/article/0GGAIsdf
抢占 Google 教育市场的大杀招，微软推出轻量级系统 Windows 10 S,极客公园,0评,http://www.yidianzixun.com/article/0GFccdR7
像手机上网一样 家庭宽带也“流量包月”了,IT时报,88评,http://www.yidianzixun.com/article/0GFioizk
听说iPhone8今年不发布了，我养好的肾要献给它！,IT时报,0评,http://www.yidianzixun.com/article/0GFiqYcI
Pages免费了：是时候学习一些关于它的技能,威锋网,0评,http://www.yidianzixun.com/article/0GFcSmoI
屏幕仅为iPhone 7一半！袖珍安卓智能机“吓哭”诺基亚,36氪,5评,http://www.yidianzixun.com/article/0GFcUeg4
李开复：美国将在 AI 大战中落于中国之后,雷锋网,17评,http://www.yidianzixun.com/article/0GFbspLw
寻找电商行业中最“赚钱”的新三板公司,36氪,0评,http://www.yidianzixun.com/article/0GFbBsKG
如何用 TensorFlow 教机器人作曲？秘诀原来是这样,雷锋网,0评,http://www.yidianzixun.com/article/0GFax21I
自动驾驶风口，巨头们都搞了哪些事情？,雷锋网,1评,http://www.yidianzixun.com/article/0GFahmlz
飞机上连WiFi？最快今年底就可以！,观察者网,0评,http://www.yidianzixun.com/article/0GFe3eAa
你牛X你抢一台小米6,手机中国,0评,http://www.yidianzixun.com/article/V_00sTfWzQ
中国移动任我用：好好套餐设成了圈套,TMT流程审计,18评,http://www.yidianzixun.com/article/0GGVIMpw
苹果41岁，是时候聊聊中年危机了,i黑马,0评,http://www.yidianzixun.com/article/0GGdzxjc
一图丨解决拥堵、寻找外星人…未来可能就靠它了！,21世纪经济报道,0评,http://www.yidianzixun.com/article/0GGn8buo
发行人出现媒体质疑事项 “共享单车第一股”决定暂缓IPO,证券时报网 ,2评,http://www.yidianzixun.com/article/0GGTrzD8
魅蓝E2闪光灯测试：这功能算是脱裤子放屁啊,科客,4评,http://www.yidianzixun.com/article/V_00sPqSi3
四度蝉联富豪榜，台湾科技界“枭雄”，他是“代工之王”郭台铭,中国企业家杂志,0评,http://www.yidianzixun.com/article/0GGhfwrD
百度外卖副总裁陈锦晖离职 百度外卖渠道持续震荡,21世纪经济报道,3评,http://www.yidianzixun.com/article/0GGVraOB
“丁磊的猪肉”融资1.6亿理由：有一位好饲养员，让大佬试吃,王春龙,1评,http://www.yidianzixun.com/article/0GGdgCek
移动支付市场烽烟实录 银联闪付对战支付宝、微信扫码 支付大战再起？,21世纪经济报道,2评,http://www.yidianzixun.com/article/0GGS46On
